Datetime,Water Level (m)
2025-04-26 00:00:00,-0.3969481
2025-04-26 01:00:00,-0.82415944
2025-04-26 02:00:00,-1.1797564
2025-04-26 03:00:00,-0.9223201
2025-04-26 04:00:00,-0.22920737
2025-04-26 05:00:00,0.5271298
2025-04-26 06:00:00,1.1738545
2025-04-26 07:00:00,1.6115546
2025-04-26 08:00:00,1.7359016
2025-04-26 09:00:00,1.4743438
2025-04-26 10:00:00,1.0122632
2025-04-26 11:00:00,0.5046257
2025-04-26 12:00:00,-0.0034157566
2025-04-26 13:00:00,-0.49037498
2025-04-26 14:00:00,-0.9200265
2025-04-26 15:00:00,-1.1003991
2025-04-26 16:00:00,-0.46667144
2025-04-26 17:00:00,0.28751594
2025-04-26 18:00:00,0.95837826
2025-04-26 19:00:00,1.4498196
2025-04-26 20:00:00,1.6625489
2025-04-26 21:00:00,1.4615111
2025-04-26 22:00:00,1.0122464
2025-04-26 23:00:00,0.51117855
2025-04-27 00:00:00,0.0014631125
2025-04-27 01:00:00,-0.49220225
2025-04-27 02:00:00,-0.9457208
2025-04-27 03:00:00,-1.2829022
2025-04-27 04:00:00,-0.74236846
2025-04-27 05:00:00,0.039281867
2025-04-27 06:00:00,0.8451989
2025-04-27 07:00:00,1.4682531
2025-04-27 08:00:00,1.8423133
2025-04-27 09:00:00,1.8160414
2025-04-27 10:00:00,1.4289749
2025-04-27 11:00:00,0.92960143
2025-04-27 12:00:00,0.40249592
2025-04-27 13:00:00,-0.111499526
2025-04-27 14:00:00,-0.6105324
2025-04-27 15:00:00,-1.025671
2025-04-27 16:00:00,-0.9854359
2025-04-27 17:00:00,-0.25536287
2025-04-27 18:00:00,0.5039922
2025-04-27 19:00:00,1.1451757
2025-04-27 20:00:00,1.5579022
2025-04-27 21:00:00,1.6295953
2025-04-27 22:00:00,1.2832402
2025-04-27 23:00:00,0.80699927
2025-04-28 00:00:00,0.29262474
2025-04-28 01:00:00,-0.21176778
2025-04-28 02:00:00,-0.6917958
2025-04-28 03:00:00,-1.1389557
2025-04-28 04:00:00,-1.2089956
2025-04-28 05:00:00,-0.46666476
2025-04-28 06:00:00,0.3689867
2025-04-28 07:00:00,1.1357163
2025-04-28 08:00:00,1.7133814
2025-04-28 09:00:00,1.9928554
2025-04-28 10:00:00,1.8409332
2025-04-28 11:00:00,1.3899965
2025-04-28 12:00:00,0.872474
2025-04-28 13:00:00,0.34040046
2025-04-28 14:00:00,-0.19429474
2025-04-28 15:00:00,-0.6806302
2025-04-28 16:00:00,-1.078564
2025-04-28 17:00:00,-0.84678763
2025-04-28 18:00:00,-0.1478824
2025-04-28 19:00:00,0.5818946
2025-04-28 20:00:00,1.1608746
2025-04-28 21:00:00,1.4951919
2025-04-28 22:00:00,1.46661
2025-04-28 23:00:00,1.0728391
2025-04-29 00:00:00,0.59438217
2025-04-29 01:00:00,0.092682034
2025-04-29 02:00:00,-0.39673996
2025-04-29 03:00:00,-0.8553128
2025-04-29 04:00:00,-1.2667551
2025-04-29 05:00:00,-0.96230876
2025-04-29 06:00:00,-0.19505905
2025-04-29 07:00:00,0.6357346
2025-04-29 08:00:00,1.342796
2025-04-29 09:00:00,1.8394247
2025-04-29 10:00:00,2.0030298
2025-04-29 11:00:00,1.714721
2025-04-29 12:00:00,1.2327828
2025-04-29 13:00:00,0.7025883
2025-04-29 14:00:00,0.16398291
2025-04-29 15:00:00,-0.33997825
2025-04-29 16:00:00,-0.8033177
2025-04-29 17:00:00,-1.1202625
2025-04-29 18:00:00,-0.626717
2025-04-29 19:00:00,0.095499195
2025-04-29 20:00:00,0.7791568
2025-04-29 21:00:00,1.2770864
2025-04-29 22:00:00,1.5166473
2025-04-29 23:00:00,1.353693
2025-04-30 00:00:00,0.92103595
2025-04-30 01:00:00,0.43695405
2025-04-30 02:00:00,-0.05721786
2025-04-30 03:00:00,-0.5464084
2025-04-30 04:00:00,-0.9873328
2025-04-30 05:00:00,-1.2966616
2025-04-30 06:00:00,-0.7816424
2025-04-30 07:00:00,-0.010844111
2025-04-30 08:00:00,0.8006547
2025-04-30 09:00:00,1.4418565
2025-04-30 10:00:00,1.8537151
2025-04-30 11:00:00,1.8968918
2025-04-30 12:00:00,1.5285897
2025-04-30 13:00:00,1.0381134
2025-04-30 14:00:00,0.51230544
2025-04-30 15:00:00,-0.0073654847
2025-04-30 16:00:00,-0.5007766
2025-04-30 17:00:00,-0.92959946
2025-04-30 18:00:00,-1.0844976
2025-04-30 19:00:00,-0.49231827
2025-04-30 20:00:00,0.19707201
2025-04-30 21:00:00,0.80148697
2025-04-30 22:00:00,1.2288806
2025-04-30 23:00:00,1.3741269
2025-05-01 00:00:00,1.1372964
2025-05-01 01:00:00,0.7088766
2025-05-01 02:00:00,0.23672883
2025-05-01 03:00:00,-0.23461246
2025-05-01 04:00:00,-0.6865494
2025-05-01 05:00:00,-1.1003143
2025-05-01 06:00:00,-1.2565846
2025-05-01 07:00:00,-0.6137766
2025-05-01 08:00:00,0.16138814
2025-05-01 09:00:00,0.89229745
2025-05-01 10:00:00,1.4605327
2025-05-01 11:00:00,1.7761221
2025-05-01 12:00:00,1.7063359
2025-05-01 13:00:00,1.3017302
2025-05-01 14:00:00,0.8206151
2025-05-01 15:00:00,0.30829844
2025-05-01 16:00:00,-0.18464842
2025-05-01 17:00:00,-0.65411466
2025-05-01 18:00:00,-1.0389918
2025-05-01 19:00:00,-1.028237
2025-05-01 20:00:00,-0.47158697
2025-05-01 21:00:00,0.15757358
2025-05-01 22:00:00,0.6965804
2025-05-01 23:00:00,1.0715244
2025-05-02 00:00:00,1.1781018
